{
    "materials":[{
        "depthTest":true,
        "doubleSided":false,
        "wireframe":false,
        "colorEmissive":[0,0,0],
        "visible":true,
        "colorSpecular":[0.5,0.5,0.5],
        "DbgName":"Material",
        "blending":"NormalBlending",
        "opacity":1,
        "colorDiffuse":[0.64,0.64,0.64],
        "DbgColor":15658734,
        "depthWrite":true,
        "transparent":false,
        "shading":"phong",
        "specularCoef":50,
        "DbgIndex":0
    }],
    "metadata":{
        "generator":"io_three",
        "version":3,
        "type":"Geometry",
        "uvs":0,
        "vertices":8,
        "materials":1,
        "faces":6,
        "normals":6
    },
    "faces":[35,0,1,2,3,0,0,0,0,0,35,4,7,6,5,0,1,1,1,1,35,0,4,5,1,0,2,2,2,2,35,1,5,6,2,0,3,3,3,3,35,2,6,7,3,0,4,4,4,4,35,4,0,3,7,0,5,5,5,5],
    "uvs":[],
    "vertices":[1,-1,-1,1,-1,1,-1,-1,1,-1,-1,-1,1,1,-1,0.999999,1,1,-1,1,1,-1,1,-1],
    "normals":[-5.32907e-15,-1,2.98023e-08,1.06581e-14,1,-2.98023e-08,1,4.47034e-08,2.83122e-07,-2.83122e-07,-7.45059e-08,1,-1,-1.3411e-07,-2.23517e-07,2.38419e-07,1.78814e-07,-1]
}